#Instrument,Date,Time,Record Type,Price,Volume,Undisclosed Volume,Value,Qualifiers,Trans ID,Bid ID,Ask ID,Bid/Ask,Entry Time,Old Price,Old Volume,Buyer Broker ID,Seller Broker ID
RED,20110228,00:00:00.000,ENTER,0.175,39160,0,6853,,0,5948619594331920439,,B,,,,140,
RED,20110228,00:00:00.000,ENTER,0.175,25000,0,4375,,0,5948619594331926222,,B,,,,140,
RED,20110228,00:00:00.000,ENTER,0.175,56500,0,9887.5,,0,5948619594331939628,,B,,,,412,
RED,20110228,00:00:00.000,ENTER,0.175,57140,0,9999.5,,0,5948619594331956256,,B,,,,255,
RED,20110228,00:00:00.000,ENTER,0.175,57028,0,9979.9,,0,5948619594331963530,,B,,,,255,
RED,20110228,00:00:00.000,ENTER,0.175,70000,0,12250,,0,5948619594332103758,,B,,,,119,
RED,20110228,00:00:00.000,ENTER,0.175,300000,0,52500,,0,5949011845104098763,,B,,,,144,
RED,20110228,00:00:00.000,ENTER,0.175,60000,0,10500,,0,5949011845104151076,,B,,,,678,
RED,20110228,00:00:00.000,ENTER,0.175,50000,0,8750,,0,5948619594330874670,,B,,,,140,
RED,20110228,00:00:00.000,ENTER,0.175,57133,0,9998.275,,0,5949011845104174078,,B,,,,140,
RED,20110228,00:00:00.000,ENTER,0.175,27314,0,4779.95,,0,5949011845104184617,,B,,,,144,
RED,20110228,00:00:00.000,ENTER,0.175,150000,0,26250,,0,5949011845104193417,,B,,,,144,
RED,20110228,00:00:00.000,ENTER,0.175,50000,0,8750,,0,5949011845104245081,,B,,,,119,
RED,20110228,00:00:00.000,ENTER,0.175,70000,0,12250,,0,5949011845104262385,,B,,,,119,
RED,20110228,00:00:00.000,ENTER,0.175,50000,0,8750,,0,5949011845104267356,,B,,,,119,
RED,20110228,00:00:00.000,ENTER,0.175,50000,0,8750,,0,5949011845104268202,,B,,,,140,
RED,20110228,00:00:00.000,ENTER,0.175,11000,0,1925,,0,5949011845104480445,,B,,,,140,
RED,20110228,00:00:00.000,ENTER,0.175,1,0,0.175,,0,5949011845104485105,,B,,,,140,
RED,20110228,00:00:00.000,ENTER,0.175,17800,0,3115,,0,5949011845104635370,,B,,,,144,
RED,20110228,00:00:00.000,ENTER,0.175,10000,0,1750,,0,5949011845104948328,,B,,,,140,
RED,20110228,00:00:00.000,ENTER,0.170,8604,0,1462.68,,0,5939094250221817704,,B,,,,638,
RED,20110228,00:00:00.000,ENTER,0.170,100000,0,17000,,0,5939908163703802620,,B,,,,140,
RED,20110228,00:00:00.000,ENTER,0.170,70000,0,11900,,0,5939908163703993656,,B,,,,119,
RED,20110228,00:00:00.000,ENTER,0.170,50000,0,8500,,0,5939908163704433424,,B,,,,119,
RED,20110228,00:00:00.000,ENTER,0.170,17470,0,2969.9,,0,5940304262767616263,,B,,,,638,
RED,20110228,00:00:00.000,ENTER,0.170,50000,0,8500,,0,5941782281274342936,,B,,,,140,
RED,20110228,00:00:00.000,ENTER,0.170,100000,0,17000,,0,5943075306947932665,,B,,,,412,
RED,20110228,00:00:00.000,ENTER,0.170,70000,0,11900,,0,5943075306948171574,,B,,,,119,
RED,20110228,00:00:00.000,ENTER,0.170,30000,0,5100,,0,5942279535407679388,,B,,,,140,
RED,20110228,00:00:00.000,ENTER,0.170,50000,0,8500,,0,5944532709610133227,,B,,,,140,
RED,20110228,00:00:00.000,ENTER,0.170,9000,0,1530,,0,5943075306948058505,,B,,,,140,
RED,20110228,00:00:00.000,ENTER,0.170,50000,0,8500,,0,5945841128447439206,,B,,,,140,
RED,20110228,00:00:00.000,ENTER,0.170,20000,0,3400,,0,5943470856256552567,,B,,,,140,
RED,20110228,00:00:00.000,ENTER,0.170,30000,0,5100,,0,5947401060569104397,,B,,,,140,
RED,20110228,00:00:00.000,ENTER,0.170,30000,0,5100,,0,5947401060570375418,,B,,,,119,
RED,20110228,00:00:00.000,ENTER,0.170,100000,0,17000,,0,5948619594330965915,,B,,,,638,
RED,20110228,00:00:00.000,ENTER,0.170,58705,0,9979.85,,0,5948619594331194655,,B,,,,255,
RED,20110228,00:00:00.000,ENTER,0.170,30000,0,5100,,0,5948619594331722070,,B,,,,638,
RED,20110228,00:00:00.000,ENTER,0.170,17470,0,2969.9,,0,5949011845103793300,,B,,,,638,
RED,20110228,00:00:00.000,ENTER,0.170,17647,0,2999.99,,0,5949011845103812224,,B,,,,144,
RED,20110228,00:00:00.000,ENTER,0.170,30000,0,5100,,0,5949011845103848742,,B,,,,140,
RED,20110228,00:00:00.000,ENTER,0.170,300000,0,51000,,0,5949011845103905675,,B,,,,179,
RED,20110228,00:00:00.000,ENTER,0.170,50000,0,8500,,0,5949011845104097256,,B,,,,140,
RED,20110228,00:00:00.000,ENTER,0.165,50000,0,8250,,0,5929610137798929888,,B,,,,119,
RED,20110228,00:00:00.000,ENTER,0.165,50000,0,8250,,0,5931598054821769271,,B,,,,119,
RED,20110228,00:00:00.000,ENTER,0.165,30300,0,4999.5,,0,5940304262767611690,,B,,,,140,
RED,20110228,00:00:00.000,ENTER,0.165,20000,0,3300,,0,5940304262768578720,,B,,,,140,
RED,20110228,00:00:00.000,ENTER,0.165,70000,0,11550,,0,5943075306948171641,,B,,,,119,
RED,20110228,00:00:00.000,ENTER,0.165,15000,0,2475,,0,5943075306948301899,,B,,,,140,
RED,20110228,00:00:00.000,ENTER,0.165,50000,0,8250,,0,5943075306948519315,,B,,,,140,
RED,20110228,00:00:00.000,ENTER,0.165,50000,0,8250,,0,5943470856256670928,,B,,,,140,
RED,20110228,00:00:00.000,ENTER,0.165,12000,0,1980,,0,5943470856256708375,,B,,,,140,
RED,20110228,00:00:00.000,ENTER,0.165,30000,0,4950,,0,5947822448400438352,,B,,,,144,
RED,20110228,00:00:00.000,ENTER,0.165,250000,0,41250,,0,5948220471609704766,,B,,,,140,
RED,20110228,00:00:00.000,ENTER,0.165,18181,0,2999.865,,0,5949011845105020628,,B,,,,255,
RED,20110228,00:00:00.000,ENTER,0.160,50000,0,8000,,0,9071615959463265202,,B,,,,119,
RED,20110228,00:00:00.000,ENTER,0.160,100000,0,16000,,0,5914969865596602337,,B,,,,154,
RED,20110228,00:00:00.000,ENTER,0.160,100000,0,16000,,0,5939094250221243239,,B,,,,140,
RED,20110228,00:00:00.000,ENTER,0.160,10000,0,1600,,0,5939094250221252660,,B,,,,638,
RED,20110228,00:00:00.000,ENTER,0.160,250000,0,40000,,0,5939094250221946430,,B,,,,112,
RED,20110228,00:00:00.000,ENTER,0.160,6300,0,1008,,0,5942679207883609542,,B,,,,140,
RED,20110228,00:00:00.000,ENTER,0.160,5000,0,800,,0,5944532709610132432,,B,,,,266,
RED,20110228,00:00:00.000,ENTER,0.160,50000,0,8000,,0,5944532709610133920,,B,,,,144,
RED,20110228,00:00:00.000,ENTER,0.160,50000,0,8000,,0,5945841128447189724,,B,,,,140,
RED,20110228,00:00:00.000,ENTER,0.160,21513,0,3442.08,,0,5945841128447323811,,B,,,,144,
RED,20110228,00:00:00.000,ENTER,0.160,70000,0,11200,,0,5946243824582189069,,B,,,,119,
RED,20110228,00:00:00.000,ENTER,0.160,20000,0,3200,,0,5939094250221247318,,B,,,,140,
RED,20110228,00:00:00.000,ENTER,0.160,5000,0,800,,0,5948619594331755852,,B,,,,144,
RED,20110228,00:00:00.000,ENTER,0.155,50000,0,7750,,0,9857882292577759190,,B,,,,119,
RED,20110228,00:00:00.000,ENTER,0.155,500000,0,77500,,0,5948220471609703856,,B,,,,140,
RED,20110228,00:00:00.000,ENTER,0.150,50000,0,7500,,0,723451985332541164,,B,,,,119,
RED,20110228,00:00:00.000,ENTER,0.150,100000,0,15000,,0,11830215073694789389,,B,,,,154,
RED,20110228,00:00:00.000,ENTER,0.150,100000,0,15000,,0,5939094250221248290,,B,,,,140,
RED,20110228,00:00:00.000,ENTER,0.150,10000,0,1500,,0,5940304262767612421,,B,,,,140,
RED,20110228,00:00:00.000,ENTER,0.150,10000,0,1500,,0,5941782281273252171,,B,,,,144,
RED,20110228,00:00:00.000,ENTER,0.150,10000,0,1500,,0,5941782281273252209,,B,,,,140,
RED,20110228,00:00:00.000,ENTER,0.150,60000,0,9000,,0,5942279535407329279,,B,,,,140,
RED,20110228,00:00:00.000,ENTER,0.150,50000,0,7500,,0,5945841128447189736,,B,,,,140,
RED,20110228,00:00:00.000,ENTER,0.150,50000,0,7500,,0,5948220471610878099,,B,,,,119,
RED,20110228,00:00:00.000,ENTER,0.145,68000,0,9860,,0,5939094250221260996,,B,,,,140,
RED,20110228,00:00:00.000,ENTER,0.145,50000,0,7250,,0,5948220471610878314,,B,,,,119,
RED,20110228,00:00:00.000,ENTER,0.145,50000,0,7250,,0,5948220471610878551,,B,,,,119,
RED,20110228,00:00:00.000,ENTER,0.140,50000,0,7000,,0,5948220471610878363,,B,,,,119,
RED,20110228,00:00:00.000,ENTER,0.140,50000,0,7000,,0,5948220471610878576,,B,,,,119,
RED,20110228,00:00:00.000,ENTER,0.135,50000,0,6750,,0,5939094250221245664,,B,,,,140,
RED,20110228,00:00:00.000,ENTER,0.135,50000,0,6750,,0,5939094250221260181,,B,,,,140,
RED,20110228,00:00:00.000,ENTER,0.130,10000,0,1300,,0,5941782281273252457,,B,,,,140,
RED,20110228,00:00:00.000,ENTER,0.125,20000,0,2500,,0,5942679207885192334,,B,,,,144,
RED,20110228,00:00:00.000,ENTER,0.060,35000,0,2100,,0,5944532709610215636,,B,,,,140,
RED,20110228,00:00:00.000,ENTER,0.180,94158,0,16948.44,,0,,5949011845103791870,A,,,,,140
RED,20110228,00:00:00.000,ENTER,0.180,50000,0,9000,,0,,5949011845104450934,A,,,,,140
RED,20110228,00:00:00.000,ENTER,0.185,141024,0,26089.44,,0,,5948220471611237985,A,,,,,307
RED,20110228,00:00:00.000,ENTER,0.185,50000,0,9250,,0,,5948619594331008635,A,,,,,140
RED,20110228,00:00:00.000,ENTER,0.185,90000,0,16650,,0,,5948619594331051896,A,,,,,140
RED,20110228,00:00:00.000,ENTER,0.185,200000,0,37000,,0,,5948619594331251091,A,,,,,140
RED,20110228,00:00:00.000,ENTER,0.185,50000,0,9250,,0,,5948619594331577909,A,,,,,140
RED,20110228,00:00:00.000,ENTER,0.185,100000,0,18500,,0,,5940702011098960705,A,,,,,140
RED,20110228,00:00:00.000,ENTER,0.185,34000,0,6290,,0,,5949011845104043548,A,,,,,638
RED,20110228,00:00:00.000,ENTER,0.185,100000,0,18500,,0,,5949011845104177282,A,,,,,144
RED,20110228,00:00:00.000,ENTER,0.185,1,0,0.185,,0,,5949011845104178874,A,,,,,140
RED,20110228,00:00:00.000,ENTER,0.185,100000,0,18500,,0,,5949011845104607335,A,,,,,144
RED,20110228,00:00:00.000,ENTER,0.190,2580,0,490.2,,0,,5943075306947821103,A,,,,,238
RED,20110228,00:00:00.000,ENTER,0.190,17000,0,3230,,0,,5943470856255633261,A,,,,,266
RED,20110228,00:00:00.000,ENTER,0.190,52500,0,9975,,0,,5943470856255605087,A,,,,,140
RED,20110228,00:00:00.000,ENTER,0.190,10000,0,1900,,0,,5943470856256028674,A,,,,,140
RED,20110228,00:00:00.000,ENTER,0.190,22700,0,4313,,0,,5945054427878620154,A,,,,,140
RED,20110228,00:00:00.000,ENTER,0.190,50000,0,9500,,0,,5945841128447947657,A,,,,,140
RED,20110228,00:00:00.000,ENTER,0.190,128000,0,24320,,0,,5946243824580922198,A,,,,,638
RED,20110228,00:00:00.000,ENTER,0.190,500000,0,95000,,0,,5947401060569257710,A,,,,,140
RED,20110228,00:00:00.000,ENTER,0.190,3820,0,725.8,,0,,5947401060569590471,A,,,,,144
RED,20110228,00:00:00.000,ENTER,0.190,100000,0,19000,,0,,5936739371193624803,A,,,,,144
RED,20110228,00:00:00.000,ENTER,0.190,13000,0,2470,,0,,5948220471609869805,A,,,,,638
RED,20110228,00:00:00.000,ENTER,0.190,25000,0,4750,,0,,5948220471610995908,A,,,,,406
RED,20110228,00:00:00.000,ENTER,0.195,15000,0,2925,,0,,5942679207885136585,A,,,,,140
RED,20110228,00:00:00.000,ENTER,0.195,189142,0,36882.69,,0,,5943075306947519835,A,,,,,638
RED,20110228,00:00:00.000,ENTER,0.195,94623,0,18451.485,,0,,5943075306947651166,A,,,,,638
RED,20110228,00:00:00.000,ENTER,0.195,30000,0,5850,,0,,5943075306948184666,A,,,,,144
RED,20110228,00:00:00.000,ENTER,0.195,30000,0,5850,,0,,5943470856255967975,A,,,,,266
RED,20110228,00:00:00.000,ENTER,0.195,100000,0,19500,,0,,5943470856256547652,A,,,,,144
RED,20110228,00:00:00.000,ENTER,0.195,43000,0,8385,,0,,5944532709611105071,A,,,,,140
RED,20110228,00:00:00.000,ENTER,0.195,100000,0,19500,,0,,5945054427878830801,A,,,,,140
RED,20110228,00:00:00.000,ENTER,0.195,20000,0,3900,,0,,5943075306947576128,A,,,,,140
RED,20110228,00:00:00.000,ENTER,0.195,50000,0,9750,,0,,5941782281273259826,A,,,,,233
RED,20110228,00:00:00.000,ENTER,0.195,125000,0,24375,,0,,5945841128447192311,A,,,,,144
RED,20110228,00:00:00.000,ENTER,0.195,23237,0,4531.215,,0,,5945841128447525367,A,,,,,140
RED,20110228,00:00:00.000,ENTER,0.195,70434,0,13734.63,,0,,5946243824580860501,A,,,,,140
RED,20110228,00:00:00.000,ENTER,0.195,16216,0,3162.12,,0,,5946243824580922722,A,,,,,255
RED,20110228,00:00:00.000,ENTER,0.195,29057,0,5666.115,,0,,5947401060569094470,A,,,,,140
RED,20110228,00:00:00.000,ENTER,0.195,20000,0,3900,,0,,5947401060569278226,A,,,,,140
RED,20110228,00:00:00.000,ENTER,0.195,17272,0,3368.04,,0,,5947401060570515088,A,,,,,140
RED,20110228,00:00:00.000,ENTER,0.195,50000,0,9750,,0,,5949011845103784268,A,,,,,144
RED,20110228,00:00:00.000,ENTER,0.195,28000,0,5460,,0,,5949011845104424016,A,,,,,140
RED,20110228,00:00:00.000,ENTER,0.200,79551,0,15910.2,,0,,5923673874519739351,A,,,,,147
RED,20110228,00:00:00.000,ENTER,0.200,20000,0,4000,,0,,5940304262767610404,A,,,,,140
RED,20110228,00:00:00.000,ENTER,0.200,20000,0,4000,,0,,5940304262767616483,A,,,,,638
RED,20110228,00:00:00.000,ENTER,0.200,1000000,0,200000,,0,,5940304262767870261,A,,,,,145
RED,20110228,00:00:00.000,ENTER,0.200,50000,0,10000,,0,,5940304262768642807,A,,,,,140
RED,20110228,00:00:00.000,ENTER,0.200,30000,0,6000,,0,,5940702011099057033,A,,,,,140
RED,20110228,00:00:00.000,ENTER,0.200,15000,0,3000,,0,,5940702011099096704,A,,,,,140
RED,20110228,00:00:00.000,ENTER,0.200,3300,0,660,,0,,5940304262768112155,A,,,,,144
RED,20110228,00:00:00.000,ENTER,0.200,20000,0,4000,,0,,5943075306947516434,A,,,,,140
RED,20110228,00:00:00.000,ENTER,0.200,40000,0,8000,,0,,5943075306947518591,A,,,,,150
RED,20110228,00:00:00.000,ENTER,0.200,20000,0,4000,,0,,5943075306948329229,A,,,,,144
RED,20110228,00:00:00.000,ENTER,0.200,12500,0,2500,,0,,5940304262767881162,A,,,,,255
RED,20110228,00:00:00.000,ENTER,0.200,48275,0,9655,,0,,5944532709610134201,A,,,,,140
RED,20110228,00:00:00.000,ENTER,0.200,10000,0,2000,,0,,5944532709610135633,A,,,,,144
RED,20110228,00:00:00.000,ENTER,0.200,124750,0,24950,,0,,5945054427877522045,A,,,,,638
RED,20110228,00:00:00.000,ENTER,0.200,250000,0,50000,,0,,5945451901330968928,A,,,,,144
RED,20110228,00:00:00.000,ENTER,0.200,30000,0,6000,,0,,5947401060569613363,A,,,,,140
RED,20110228,00:00:00.000,ENTER,0.200,11450,0,2290,,0,,5947822448400463457,A,,,,,144
RED,20110228,00:00:00.000,ENTER,0.200,70000,0,14000,,0,,5948220471610005736,A,,,,,140
RED,20110228,00:00:00.000,ENTER,0.200,25000,0,5000,,0,,5948619594330604026,A,,,,,140
RED,20110228,00:00:00.000,ENTER,0.200,20000,0,4000,,0,,5949011845103785291,A,,,,,144
RED,20110228,00:00:00.000,ENTER,0.205,150000,0,30750,,0,,5928820688450518058,A,,,,,406
RED,20110228,00:00:00.000,ENTER,0.205,200000,0,41000,,0,,5929610137797965441,A,,,,,638
RED,20110228,00:00:00.000,ENTER,0.205,15000,0,3075,,0,,5940702011098958349,A,,,,,140
RED,20110228,00:00:00.000,ENTER,0.205,25000,0,5125,,0,,5941782281273966539,A,,,,,140
RED,20110228,00:00:00.000,ENTER,0.205,27000,0,5535,,0,,5942279535406913052,A,,,,,144
RED,20110228,00:00:00.000,ENTER,0.205,18000,0,3690,,0,,5946243824580861686,A,,,,,140
RED,20110228,00:00:00.000,ENTER,0.210,208,0,43.68,,0,,5926025455013496318,A,,,,,255
RED,20110228,00:00:00.000,ENTER,0.210,34000,0,7140,,0,,5930776444757116999,A,,,,,255
RED,20110228,00:00:00.000,ENTER,0.210,100000,0,21000,,0,,5930776444757128489,A,,,,,113
RED,20110228,00:00:00.000,ENTER,0.210,50000,0,10500,,0,,5939908163704680357,A,,,,,140
RED,20110228,00:00:00.000,ENTER,0.210,23500,0,4935,,0,,5939908163704755564,A,,,,,140
RED,20110228,00:00:00.000,ENTER,0.210,83333,0,17499.93,,0,,5940304262767685619,A,,,,,140
RED,20110228,00:00:00.000,ENTER,0.210,180000,0,37800,,0,,5940304262767836424,A,,,,,361
RED,20110228,00:00:00.000,ENTER,0.210,15000,0,3150,,0,,5942279535406910357,A,,,,,140
RED,20110228,00:00:00.000,ENTER,0.210,27000,0,5670,,0,,5942279535406912205,A,,,,,140
RED,20110228,00:00:00.000,ENTER,0.210,10000,0,2100,,0,,5944532709611267635,A,,,,,144
RED,20110228,00:00:00.000,ENTER,0.210,244330,0,51309.3,,0,,5945054427878209784,A,,,,,144
RED,20110228,00:00:00.000,ENTER,0.210,20000,0,4200,,0,,5939513988785147779,A,,,,,140
RED,20110228,00:00:00.000,ENTER,0.210,12000,0,2520,,0,,5948619594330587318,A,,,,,638
RED,20110228,00:00:00.000,ENTER,0.215,21500,0,4622.5,,0,,5924068049438217489,A,,,,,266
RED,20110228,00:00:00.000,ENTER,0.215,100000,0,21500,,0,,5924068049438300822,A,,,,,147
RED,20110228,00:00:00.000,ENTER,0.215,80000,0,17200,,0,,5928400400129847868,A,,,,,638
RED,20110228,00:00:00.000,ENTER,0.215,200000,0,43000,,0,,5935157998594910451,A,,,,,140
RED,20110228,00:00:00.000,ENTER,0.215,10000,0,2150,,0,,5940304262768283473,A,,,,,638
RED,20110228,00:00:00.000,ENTER,0.215,10000,0,2150,,0,,5940304262769124508,A,,,,,140
RED,20110228,00:00:00.000,ENTER,0.215,25487,0,5479.705,,0,,5940702011099290575,A,,,,,638
RED,20110228,00:00:00.000,ENTER,0.215,150000,0,32250,,0,,5941782281274485919,A,,,,,412
RED,20110228,00:00:00.000,ENTER,0.215,456229,0,98089.235,,0,,5942679207884425558,A,,,,,144
RED,20110228,00:00:00.000,ENTER,0.215,10000,0,2150,,0,,5945054427877524562,A,,,,,238
RED,20110228,00:00:00.000,ENTER,0.215,12000,0,2580,,0,,5943075306947665323,A,,,,,140
RED,20110228,00:00:00.000,ENTER,0.215,100000,0,21500,,0,,5948220471610025779,A,,,,,677
RED,20110228,00:00:00.000,ENTER,0.220,1000000,0,220000,,0,,9410847970257868845,A,,,,,254
RED,20110228,00:00:00.000,ENTER,0.220,100000,0,22000,,0,,5926025455013509243,A,,,,,266
RED,20110228,00:00:00.000,ENTER,0.220,30000,0,6600,,0,,5930776444758174966,A,,,,,266
RED,20110228,00:00:00.000,ENTER,0.220,115000,0,25300,,0,,5936739371192878730,A,,,,,412
RED,20110228,00:00:00.000,ENTER,0.220,10000,0,2200,,0,,5939094250221395376,A,,,,,266
RED,20110228,00:00:00.000,ENTER,0.220,27000,0,5940,,0,,5940702011099014885,A,,,,,140
RED,20110228,00:00:00.000,ENTER,0.220,10000,0,2200,,0,,5940702011099419942,A,,,,,140
RED,20110228,00:00:00.000,ENTER,0.220,40000,0,8800,,0,,5941782281273286090,A,,,,,154
RED,20110228,00:00:00.000,ENTER,0.220,200000,0,44000,,0,,5943470856255680385,A,,,,,140
RED,20110228,00:00:00.000,ENTER,0.220,35000,0,7700,,0,,5945054427877512852,A,,,,,144
RED,20110228,00:00:00.000,ENTER,0.220,16882,0,3714.04,,0,,5947822448402005073,A,,,,,140
RED,20110228,00:00:00.000,ENTER,0.220,30000,0,6600,,0,,5948220471610090829,A,,,,,140
RED,20110228,00:00:00.000,ENTER,0.225,4950,0,1113.75,,0,,5940304262767961264,A,,,,,255
RED,20110228,00:00:00.000,ENTER,0.225,100000,0,22500,,0,,5942679207883612592,A,,,,,638
RED,20110228,00:00:00.000,ENTER,0.230,88000,0,20240,,0,,5917735961973798805,A,,,,,412
RED,20110228,00:00:00.000,ENTER,0.230,30000,0,6900,,0,,5940304262768225600,A,,,,,140
RED,20110228,00:00:00.000,ENTER,0.230,13000,0,2990,,0,,5940304262768628020,A,,,,,140
RED,20110228,00:00:00.000,ENTER,0.235,30000,0,7050,,0,,5926838818740148362,A,,,,,638
RED,20110228,00:00:00.000,ENTER,0.235,50000,0,11750,,0,,5947401060569103841,A,,,,,638
RED,20110228,00:00:00.000,ENTER,0.240,5000,0,1200,,0,,10718440988867815412,A,,,,,638
RED,20110228,00:00:00.000,ENTER,0.240,100000,0,24000,,0,,5918138108351654514,A,,,,,412
RED,20110228,00:00:00.000,ENTER,0.240,17142,0,4114.08,,0,,5940304262767942473,A,,,,,244
RED,20110228,00:00:00.000,ENTER,0.240,52000,0,12480,,0,,5941782281273480813,A,,,,,140
RED,20110228,00:00:00.000,ENTER,0.240,5250,0,1260,,0,,5948220471610485651,A,,,,,140
RED,20110228,00:00:00.000,ENTER,0.245,34000,0,8330,,0,,5918536406438813182,A,,,,,266
RED,20110228,00:00:00.000,ENTER,0.250,3000,0,750,,0,,5940702011098958910,A,,,,,140
RED,20110228,00:00:00.000,ENTER,0.255,20000,0,5100,,0,,5944532709610958831,A,,,,,638
RED,20110228,00:00:00.000,ENTER,0.270,20000,0,5400,,0,,5949011845104082432,A,,,,,144
RED,20110228,00:00:00.000,ENTER,0.280,200000,0,56000,,0,,5943470856255610939,A,,,,,140
RED,20110228,07:00:07.142,ENTER,0.180,50001,0,9000.18,,0,5950172104748994927,,B,,,,140,
RED,20110228,07:00:52.605,ENTER,0.180,4355,0,783.9,,0,5950172104748996011,,B,,,,266,
RED,20110228,07:01:00.827,ENTER,0.220,8000,0,1760,,0,,5950172104748996217,A,,,,,140
RED,20110228,07:01:17.008,ENTER,0.170,10000,0,1700,,0,5950172104748996589,,B,,,,140,
RED,20110228,07:01:21.668,DELETE,,,,,,0,5939094250221260996,,B,,,,140,
RED,20110228,07:01:27.022,ENTER,0.220,5500,0,1210,,0,,5950172104748996783,A,,,,,140
RED,20110228,07:01:28.074,AMEND,0.175,17143,,3000.025,,0,5949011845103812224,,B,00:00:00,0.170,17647,144,
RED,20110228,07:02:06.716,ENTER,0.305,40538,0,12364.09,,0,,5950172104748997605,A,,,,,140
RED,20110228,07:02:51.795,ENTER,0.195,30000,0,5850,,0,,5950172104748998559,A,,,,,140
RED,20110228,07:03:07.228,DELETE,,,,,,0,,5945054427877512852,A,,,,,144
RED,20110228,07:03:25.103,DELETE,,,,,,0,5949011845104268202,,B,,,,140,
RED,20110228,07:04:40.260,DELETE,,,,,,0,5948220471609704766,,B,,,,140,
RED,20110228,07:04:40.312,ENTER,0.135,500000,0,67500,,0,5950172104748999631,,B,,,,140,
RED,20110228,07:04:40.320,AMEND,0.155,250000,,38750,,0,5948220471609703856,,B,00:00:00,0.155,500000,140,
RED,20110228,07:04:49.797,ENTER,0.175,39000,0,6825,,0,5950172104748999719,,B,,,,140,
RED,20110228,07:30:00.802,ENTER,0.195,550000,0,107250,,0,5950172104749001682,,B,,,,110,
RED,20110228,07:31:17.047,ENTER,0.250,625000,0,156250,,0,,5950172104749001898,A,,,,,110
RED,20110228,07:54:39.894,ENTER,0.180,50000,0,9000,,0,5950172104749002901,,B,,,,140,
RED,20110228,07:54:39.898,AMEND,0.180,50001,,9000.18,,0,5950172104748994927,,B,07:00:07,0.180,50001,140,
RED,20110228,07:55:13.124,DELETE,,,,,,0,,5949011845104178874,A,,,,,140
RED,20110228,07:55:13.127,AMEND,0.185,50000,,9250,,0,,5948619594331008635,A,00:00:00,0.185,50000,,140
RED,20110228,08:22:12.174,ENTER,0.185,19999,0,3699.815,,0,,5950172104749005486,A,,,,,140
RED,20110228,08:22:12.178,AMEND,0.185,50000,,9250,,0,,5948619594331008635,A,00:00:00,0.185,50000,,140
RED,20110228,08:24:32.445,ENTER,0.305,431848,0,131713.64,,0,,5950172104749005641,A,,,,,140
RED,20110228,08:26:58.380,ENTER,0.175,140000,0,24500,,0,5950172104749005798,,B,,,,140,
RED,20110228,08:49:55.679,ENTER,0.205,75000,0,15375,,0,,5950172104749007116,A,,,,,144
RED,20110228,09:10:34.567,ENTER,0.180,27995,0,5039.1,,0,,5950172104749008806,A,,,,,238
RED,20110228,09:23:53.249,ENTER,0.180,50000,0,9000,,0,,5950172104749010391,A,,,,,678
RED,20110228,09:51:28.652,ENTER,0.180,100000,0,18000,,0,5950172104749015487,,B,,,,119,
RED,20110228,09:56:17.391,ENTER,0.180,50000,0,9000,,0,5950172104749017922,,B,,,,119,
RED,20110228,09:58:12.044,DELETE,,,,,,0,5950172104749015487,,B,,,,119,
RED,20110228,10:00:20.030,DELETE,,,,,,0,,5949011845104043548,A,,,,,638
RED,20110228,10:00:20.098,ENTER,0.190,34000,0,6460,,0,,5950172104749023536,A,,,,,638
RED,20110228,10:04:09.408,ENTER,0.180,150000,0,27000,,0,,5950172104749035692,A,,,,,307
RED,20110228,10:05:50.107,DELETE,,,,,,0,5950172104748994927,,B,,,,140,
RED,20110228,10:05:50.107,DELETE,,,,,,0,5950172104749002901,,B,,,,140,
RED,20110228,10:05:55.018,DELETE,,,,,,0,,5950172104749005486,A,,,,,140
RED,20110228,10:05:55.021,AMEND,0.180,69999,,12599.82,,0,,5948619594331008635,A,00:00:00,0.185,50000,,140
RED,20110228,10:06:32.023,TRADE,0.185,94158,,17419.23,AC,0,5950172104749001682,5949011845103791870,,,,,110,140
RED,20110228,10:06:32.023,TRADE,0.185,50000,,9250,AC,0,5950172104749001682,5949011845104450934,,,,,110,140
RED,20110228,10:06:32.023,TRADE,0.185,27995,,5179.075,AC,0,5950172104749001682,5950172104749008806,,,,,110,238
RED,20110228,10:06:32.023,TRADE,0.185,50000,,9250,AC,0,5950172104749001682,5950172104749010391,,,,,110,678
RED,20110228,10:06:32.023,TRADE,0.185,150000,,27750,AC,0,5950172104749001682,5950172104749035692,,,,,110,307
RED,20110228,10:06:32.023,TRADE,0.185,69999,,12949.815,AC,0,5950172104749001682,5948619594331008635,,,,,110,140
RED,20110228,10:06:32.023,TRADE,0.185,107848,,19951.88,AC,0,5950172104749001682,5948220471611237985,,,,,110,307
RED,20110228,10:07:10.905,ENTER,0.180,125000,0,22500,,0,5950172104749048115,,B,,,,140,
RED,20110228,10:10:32.286,ENTER,0.130,18000,0,2340,,0,5950172104749066572,,B,,,,140,
RED,20110228,10:16:24.603,AMEND,0.190,50000,,9500,,0,,5949011845103784268,A,00:00:00,0.195,50000,,144
RED,20110228,10:23:11.854,ENTER,0.185,5410,0,1000.85,OB0 ,0,5950172104749122229,,B,,,,108,
RED,20110228,10:23:11.854,TRADE,0.185,5410,,1000.85,Bi,0,5950172104749122229,5948220471611237985,,,,,108,307
RED,20110228,10:24:10.605,ENTER,0.180,10000,0,1800,OB0 ,0,,5950172104749126977,A,,,,,144
RED,20110228,10:24:10.605,TRADE,0.180,4355,,783.9,Si,0,5950172104748996011,5950172104749126977,,,,,266,144
RED,20110228,10:24:10.605,TRADE,0.180,5645,,1016.1,Si,0,5950172104749017922,5950172104749126977,,,,,119,144
RED,20110228,10:25:25.578,DELETE,,,,,,0,,5950172104749023536,A,,,,,638
RED,20110228,10:25:25.646,ENTER,0.185,34000,0,6290,,0,,5950172104749132571,A,,,,,638
RED,20110228,10:27:21.607,ENTER,0.185,20000,0,3700,ML OB0 ,0,5950172104749139985,,B,,,,412,
RED,20110228,10:27:21.607,TRADE,0.185,20000,,3700,Bi,0,5950172104749139985,5948220471611237985,,,,,412,307
RED,20110228,10:27:49.494,ENTER,0.185,100000,0,18500,,0,,5950172104749142410,A,,,,,307
RED,20110228,10:30:36.638,ENTER,0.170,23230,0,3949.1,,0,5950172104749155367,,B,,,,345,
RED,20110228,10:32:07.586,ENTER,0.190,85000,0,16150,,0,,5950172104749161935,A,,,,,140
RED,20110228,10:32:10.040,ENTER,0.185,1700,0,314.5,,0,,5950172104749162115,A,,,,,299
RED,20110228,10:32:18.897,ENTER,0.190,40000,0,7600,,0,,5950172104749163103,A,,,,,144
RED,20110228,10:33:47.201,ENTER,0.170,70000,0,11900,,0,5950172104749169254,,B,,,,140,
RED,20110228,10:36:10.527,DELETE,,,,,,0,,5948619594330604026,A,,,,,140
RED,20110228,10:37:10.380,ENTER,0.175,25000,0,4375,,0,5950172104749185343,,B,,,,140,
RED,20110228,10:43:57.468,DELETE,,,,,,0,5949011845105020628,,B,,,,255,
RED,20110228,10:52:35.310,ENTER,0.185,30000,0,5550,,0,,5950172104749254045,A,,,,,366
RED,20110228,10:52:53.682,ENTER,0.185,16200,0,2997,,0,,5950172104749255019,A,,,,,140
RED,20110228,10:54:57.584,ENTER,0.180,55555,0,9999.9,,0,5950172104749262613,,B,,,,255,
RED,20110228,10:58:41.584,ENTER,0.200,30000,0,6000,,0,,5950172104749277741,A,,,,,638
RED,20110228,10:59:49.187,ENTER,0.180,100000,0,18000,,0,5950172104749282754,,B,,,,144,
RED,20110228,11:24:41.175,ENTER,0.180,3000,0,540,OB0 ,0,,5950172104749374527,A,,,,,140
RED,20110228,11:24:41.175,TRADE,0.180,3000,,540,Si,0,5950172104749017922,5950172104749374527,,,,,119,140
RED,20110228,11:24:41.795,ENTER,0.185,45,0,8.325,,0,,5950172104749374536,A,,,,,203
RED,20110228,11:24:45.968,ENTER,0.185,203,0,37.555,,0,,5950172104749374626,A,,,,,203
RED,20110228,11:32:28.570,ENTER,0.185,49,0,9.065,,0,,5950172104749403091,A,,,,,203
RED,20110228,11:41:35.000,ENTER,0.185,42,0,7.77,,0,,5950172104749437129,A,,,,,203
RED,20110228,11:44:07.480,ENTER,0.190,7000,0,1330,,0,,5950172104749447596,A,,,,,144
RED,20110228,11:44:20.267,ENTER,0.185,20000,0,3700,,0,,5950172104749448615,A,,,,,140
RED,20110228,11:45:35.930,ENTER,0.185,52,0,9.62,,0,,5950172104749454063,A,,,,,203
RED,20110228,12:02:02.040,ENTER,0.185,54,0,9.99,,0,,5950172104749514575,A,,,,,203
RED,20110228,12:02:18.754,ENTER,0.180,40000,0,7200,OB0 ,0,,5950172104749515506,A,,,,,144
RED,20110228,12:02:18.754,TRADE,0.180,40000,,7200,Si,0,5950172104749017922,5950172104749515506,,,,,119,144
RED,20110228,12:09:48.027,ENTER,0.185,100,0,18.5,,0,,5950172104749544450,A,,,,,299
RED,20110228,12:14:54.177,ENTER,0.155,31000,0,4805,OB0 ,0,,5950172104749563808,A,,,,,140
RED,20110228,12:14:54.177,TRADE,0.180,1355,,243.9,Si,0,5950172104749017922,5950172104749563808,,,,,119,140
RED,20110228,12:14:54.177,TRADE,0.180,29645,,5336.1,XT Si,0,5950172104749048115,5950172104749563808,,,,,140,140
RED,20110228,12:14:59.716,ENTER,0.185,50000,0,9250,,0,,5950172104749564088,A,,,,,119
RED,20110228,12:15:44.016,DELETE,,,,,,0,,5950172104749544450,A,,,,,299
RED,20110228,12:15:44.023,ENTER,0.185,220,0,40.7,,0,,5950172104749566215,A,,,,,299
RED,20110228,12:17:40.445,ENTER,0.185,50,0,9.25,,0,,5950172104749570188,A,,,,,203
RED,20110228,12:20:10.932,AMEND,0.185,1590,,294.15,,0,,5950172104749162115,A,10:32:10,0.185,1700,,299
RED,20110228,12:20:10.936,DELETE,,,,,,0,,5950172104749566215,A,,,,,299
RED,20110228,12:24:57.384,AMEND,0.205,10000,,2050,,0,5950172104748996589,,B,07:01:17,0.170,10000,140,
RED,20110228,12:24:57.384,TRADE,0.185,7766,,1436.71,Bi,0,5950172104748996589,5948220471611237985,,,,,140,307
RED,20110228,12:24:57.384,TRADE,0.185,2234,,413.29,XT Bi,0,5950172104748996589,5948619594331051896,,,,,140,140
RED,20110228,12:27:35.600,DELETE,,,,,,0,,5939513988785147779,A,,,,,140
RED,20110228,12:27:36.387,ENTER,0.185,38,0,7.03,,0,,5950172104749603304,A,,,,,203
RED,20110228,12:30:26.405,ENTER,0.180,160000,0,28800,OB0 ,0,,5950172104749611286,A,,,,,233
RED,20110228,12:30:26.405,TRADE,0.180,95355,,17163.9,Si,0,5950172104749048115,5950172104749611286,,,,,140,233
RED,20110228,12:30:26.405,TRADE,0.180,55555,,9999.9,Si,0,5950172104749262613,5950172104749611286,,,,,255,233
RED,20110228,12:30:26.405,TRADE,0.180,9090,,1636.2,Si,0,5950172104749282754,5950172104749611286,,,,,144,233
RED,20110228,12:30:26.435,AMEND,0.185,1353,,250.305,,0,,5950172104749162115,A,10:32:10,0.185,1590,,299
RED,20110228,12:30:26.448,ENTER,0.180,246,0,44.28,FK OB0 ,0,,5950172104749611288,A,,,,,299
RED,20110228,12:30:26.448,TRADE,0.180,246,,44.28,Si,0,5950172104749282754,5950172104749611288,,,,,144,299
RED,20110228,12:30:27.082,ENTER,0.180,321,0,57.78,OB0 ,0,,5950172104749611304,A,,,,,203
RED,20110228,12:30:27.082,TRADE,0.180,321,,57.78,Si,0,5950172104749282754,5950172104749611304,,,,,144,203
RED,20110228,12:30:27.200,ENTER,0.210,20000,0,4200,,0,,5950172104749611309,A,,,,,140
RED,20110228,12:34:07.198,DELETE,,,,,,0,,5939908163704755564,A,,,,,140
RED,20110228,12:34:34.720,ENTER,0.210,23500,0,4935,,0,,5950172104749621658,A,,,,,140
RED,20110228,12:35:40.307,ENTER,0.180,20,0,3.6,OB0 ,0,,5950172104749624293,A,,,,,203
RED,20110228,12:35:40.307,TRADE,0.180,20,,3.6,Si,0,5950172104749282754,5950172104749624293,,,,,144,203
RED,20110228,12:37:18.383,ENTER,0.180,21,0,3.78,OB0 ,0,,5950172104749627439,A,,,,,203
RED,20110228,12:37:18.383,TRADE,0.180,21,,3.78,Si,0,5950172104749282754,5950172104749627439,,,,,144,203
RED,20110228,12:38:59.926,ENTER,0.180,21,0,3.78,OB0 ,0,,5950172104749630583,A,,,,,203
RED,20110228,12:38:59.926,TRADE,0.180,21,,3.78,Si,0,5950172104749282754,5950172104749630583,,,,,144,203
RED,20110228,12:43:08.138,ENTER,0.180,20,0,3.6,OB0 ,0,,5950172104749642082,A,,,,,203
RED,20110228,12:43:08.138,TRADE,0.180,20,,3.6,Si,0,5950172104749282754,5950172104749642082,,,,,144,203
RED,20110228,12:59:12.621,ENTER,0.180,20,0,3.6,OB0 ,0,,5950172104749695518,A,,,,,203
RED,20110228,12:59:12.621,TRADE,0.180,20,,3.6,Si,0,5950172104749282754,5950172104749695518,,,,,144,203
RED,20110228,13:01:50.202,AMEND,0.185,40000,,7400,,0,,5950172104749163103,A,10:32:18,0.190,40000,,144
RED,20110228,13:02:28.409,ENTER,0.180,50000,0,9000,,0,5950172104749706683,,B,,,,112,
RED,20110228,13:05:31.452,ENTER,0.190,250000,0,47500,,0,,5950172104749715868,A,,,,,606
RED,20110228,13:08:19.131,AMEND,0.180,40000,,7200,,0,,5950172104749163103,A,10:32:18,0.185,40000,,144
RED,20110228,13:08:19.131,TRADE,0.180,40000,,7200,XT Si,0,5950172104749282754,5950172104749163103,,,,,144,144
RED,20110228,13:15:31.038,ENTER,0.180,20,0,3.6,OB0 ,0,,5950172104749748804,A,,,,,203
RED,20110228,13:15:31.038,TRADE,0.180,20,,3.6,Si,0,5950172104749282754,5950172104749748804,,,,,144,203
RED,20110228,13:15:53.180,ENTER,0.180,50000,0,9000,,0,5950172104749749474,,B,,,,140,
RED,20110228,13:19:08.022,AMEND,0.185,1113,,205.905,,0,,5950172104749162115,A,10:32:10,0.185,1353,,299
RED,20110228,13:19:08.099,ENTER,0.180,512,0,92.16,FK OB0 ,0,,5950172104749757628,A,,,,,299
RED,20110228,13:19:08.099,TRADE,0.180,512,,92.16,Si,0,5950172104749282754,5950172104749757628,,,,,144,299
RED,20110228,13:20:59.913,ENTER,0.180,20,0,3.6,OB0 ,0,,5950172104749762940,A,,,,,203
RED,20110228,13:20:59.913,TRADE,0.180,20,,3.6,Si,0,5950172104749282754,5950172104749762940,,,,,144,203
RED,20110228,13:23:06.650,ENTER,0.180,21,0,3.78,OB0 ,0,,5950172104749768284,A,,,,,203
RED,20110228,13:23:06.650,TRADE,0.180,21,,3.78,Si,0,5950172104749282754,5950172104749768284,,,,,144,203
RED,20110228,13:30:17.268,ENTER,0.180,20,0,3.6,OB0 ,0,,5950172104749787664,A,,,,,203
RED,20110228,13:30:17.268,TRADE,0.180,20,,3.6,Si,0,5950172104749282754,5950172104749787664,,,,,144,203
RED,20110228,13:34:11.004,ENTER,0.205,40000,0,8200,OB0 ,0,5950172104749800276,,B,,,,140,
RED,20110228,13:34:11.004,TRADE,0.185,40000,,7400,XT Bi,0,5950172104749800276,5948619594331051896,,,,,140,140
RED,20110228,13:37:15.225,DELETE,,,,,,0,5949011845104948328,,B,,,,140,
RED,20110228,13:37:33.170,ENTER,0.185,11000,0,2035,OB0 ,0,5950172104749809173,,B,,,,140,
RED,20110228,13:37:33.170,TRADE,0.185,11000,,2035,XT Bi,0,5950172104749809173,5948619594331051896,,,,,140,140
RED,20110228,13:37:48.010,ENTER,0.185,10000,0,1850,OB0 ,0,5950172104749809575,,B,,,,140,
RED,20110228,13:37:48.010,TRADE,0.185,10000,,1850,XT Bi,0,5950172104749809575,5948619594331051896,,,,,140,140
RED,20110228,13:38:53.035,ENTER,0.175,6000,0,1050,,0,5950172104749812867,,B,,,,140,
RED,20110228,13:39:51.154,ENTER,0.190,56000,0,10640,,0,,5950172104749814784,A,,,,,255
RED,20110228,13:40:12.210,ENTER,0.180,20,0,3.6,OB0 ,0,,5950172104749815578,A,,,,,203
RED,20110228,13:40:12.210,TRADE,0.180,20,,3.6,Si,0,5950172104749282754,5950172104749815578,,,,,144,203
RED,20110228,13:40:43.602,AMEND,0.185,25000,,4625,,0,,5941782281273966539,A,00:00:00,0.205,25000,,140
RED,20110228,13:42:33.479,ENTER,0.185,6000,0,1110,,0,,5950172104749822239,A,,,,,140
RED,20110228,13:46:23.136,ENTER,0.180,20,0,3.6,OB0 ,0,,5950172104749831258,A,,,,,203
RED,20110228,13:46:23.136,TRADE,0.180,20,,3.6,Si,0,5950172104749282754,5950172104749831258,,,,,144,203
RED,20110228,13:50:15.889,ENTER,0.180,20,0,3.6,OB0 ,0,,5950172104749842112,A,,,,,203
RED,20110228,13:50:15.889,TRADE,0.180,20,,3.6,Si,0,5950172104749282754,5950172104749842112,,,,,144,203
RED,20110228,13:56:14.620,ENTER,0.180,20,0,3.6,OB0 ,0,,5950172104749859083,A,,,,,203
RED,20110228,13:56:14.620,TRADE,0.180,20,,3.6,Si,0,5950172104749282754,5950172104749859083,,,,,144,203
RED,20110228,14:00:58.860,ENTER,0.180,28000,0,5040,OB0 ,0,,5950172104749871806,A,,,,,144
RED,20110228,14:00:58.860,TRADE,0.180,28000,,5040,XT Si,0,5950172104749282754,5950172104749871806,,,,,144,144
RED,20110228,14:05:36.691,ENTER,0.180,20,0,3.6,OB0 ,0,,5950172104749883433,A,,,,,203
RED,20110228,14:05:36.691,TRADE,0.180,20,,3.6,Si,0,5950172104749282754,5950172104749883433,,,,,144,203
RED,20110228,14:10:04.180,ENTER,0.180,20,0,3.6,OB0 ,0,,5950172104749893984,A,,,,,203
RED,20110228,14:10:04.180,TRADE,0.180,20,,3.6,Si,0,5950172104749282754,5950172104749893984,,,,,144,203
RED,20110228,14:12:05.053,ENTER,0.180,20,0,3.6,OB0 ,0,,5950172104749899970,A,,,,,203
RED,20110228,14:12:05.053,TRADE,0.180,20,,3.6,Si,0,5950172104749282754,5950172104749899970,,,,,144,203
RED,20110228,14:14:06.124,DELETE,,,,,,0,,5950172104749374626,A,,,,,203
RED,20110228,14:14:06.129,DELETE,,,,,,0,,5950172104749403091,A,,,,,203
RED,20110228,14:14:06.130,DELETE,,,,,,0,,5950172104749437129,A,,,,,203
RED,20110228,14:14:06.267,DELETE,,,,,,0,,5950172104749454063,A,,,,,203
RED,20110228,14:14:06.267,DELETE,,,,,,0,,5950172104749570188,A,,,,,203
RED,20110228,14:14:06.268,DELETE,,,,,,0,,5950172104749603304,A,,,,,203
RED,20110228,14:14:06.271,DELETE,,,,,,0,,5950172104749514575,A,,,,,203
RED,20110228,14:14:06.272,ENTER,0.185,15,0,2.775,,0,,5950172104749907063,A,,,,,203
RED,20110228,14:14:06.273,AMEND,0.180,45,,8.1,,0,,5950172104749374536,A,11:24:41,0.185,45,,203
RED,20110228,14:14:06.273,TRADE,0.180,45,,8.1,Si,0,5950172104749282754,5950172104749374536,,,,,144,203
RED,20110228,14:27:27.027,ENTER,0.185,182,0,33.67,,0,,5950172104749944735,A,,,,,203
RED,20110228,14:28:42.419,ENTER,0.185,49,0,9.065,,0,,5950172104749949840,A,,,,,203
RED,20110228,14:32:53.032,ENTER,0.180,20,0,3.6,OB0 ,0,,5950172104749963041,A,,,,,203
RED,20110228,14:32:53.032,TRADE,0.180,20,,3.6,Si,0,5950172104749282754,5950172104749963041,,,,,144,203
RED,20110228,14:36:42.101,ENTER,0.180,20,0,3.6,OB0 ,0,,5950172104749974842,A,,,,,203
RED,20110228,14:36:42.101,TRADE,0.180,20,,3.6,Si,0,5950172104749282754,5950172104749974842,,,,,144,203
RED,20110228,14:39:16.717,ENTER,0.180,20,0,3.6,OB0 ,0,,5950172104749988708,A,,,,,203
RED,20110228,14:39:16.717,TRADE,0.180,20,,3.6,Si,0,5950172104749282754,5950172104749988708,,,,,144,203
RED,20110228,14:42:59.961,ENTER,0.180,20,0,3.6,OB0 ,0,,5950172104750003641,A,,,,,203
RED,20110228,14:42:59.961,TRADE,0.180,20,,3.6,Si,0,5950172104749282754,5950172104750003641,,,,,144,203
RED,20110228,14:43:35.934,DELETE,,,,,,0,5949011845104485105,,B,,,,140,
RED,20110228,14:43:35.937,AMEND,0.175,50000,,8750,,0,5948619594330874670,,B,00:00:00,0.175,50000,140,
RED,20110228,17:40:22.846,DELETE,,,,,,0,5950172104749155367,,B,,,,345,
